{
 "glm-5-turbo": {
  "ok": 348,
  "fail": 0,
  "avg_dur": 13.5,
  "total_dur": 4707.420000000001
 },
 "glm-5": {
  "ok": 69,
  "fail": 0,
  "avg_dur": 108.4,
  "total_dur": 7481.250000000002
 },
 "glm-5.1": {
  "ok": 36,
  "fail": 0,
  "avg_dur": 100.5,
  "total_dur": 3617.33
 }
}